disease_id,name,synonyms,category,brief_description,symptoms,common_symptoms,severity,diagnostic_accuracy_notes,typical_doc_types,typical_age_groups,gender_impact,incidence_prevalence,red_flags,source_links,confidence,license_notes,last_updated
C001,"Common cold (viral URTI)","Viral upper respiratory infection",common,"Acute viral infection of the upper respiratory tract.","runny nose; sore throat; sneezing; nasal congestion; mild cough; low-grade fever; headache","runny nose; sore throat; sneezing",mild,"Clinical diagnosis; testing rarely required except to rule out influenza/COVID in selected cases.","General Practitioner; Family Physician","all ages (children more frequent)","none","very common; seasonal peaks","high/persistent fever; respiratory distress; worsening cough","https://www.who.int/health-topics/common-cold;https://www.nhs.uk/conditions/common-cold/",0.94,"WHO/NHS public info; attribute source",2026-01-22
C002,"Influenza (Flu)","Seasonal influenza",common,"Acute respiratory illness caused by influenza viruses.","fever; chills; myalgia; headache; dry cough; sore throat; fatigue","fever; cough; myalgia","variable (mild to severe)","Rapid antigen or PCR testing increases diagnostic certainty; clinical diagnosis possible in outbreaks.","General Practitioner; Infectious Disease","all ages; higher severe risk in elderly and very young","none","seasonal epidemics worldwide","shortness of breath; hypoxia; confusion","https://www.who.int/health-topics/influenza",0.92,"WHO fact sheet; attribute source",2026-01-22
C003,"Acute gastroenteritis","Stomach flu;Acute diarrhoeal disease",common,"Inflammation of stomach and intestines causing diarrhea and vomiting.","diarrhea; vomiting; abdominal pain; fever; dehydration","diarrhea; vomiting","mild to moderate (severe in young children/elderly)","Clinical; stool testing if severe or suspected outbreak pathogen.","General Practitioner; Emergency Medicine","all ages; infants and elderly higher risk","none","very common; seasonal/foodborne outbreaks","severe dehydration; bloody stools; persistent high fever","https://www.who.int/health-topics/diarrhoeal-disease;https://www.ncdc.gov.in",0.90,"WHO/NCDC public info; attribute sources",2026-01-22
C004,"Uncomplicated urinary tract infection (cystitis)","Lower UTI",common,"Bacterial infection of the lower urinary tract.","dysuria; urinary frequency; urgency; suprapubic pain; hematuria (sometimes)","dysuria; frequency","mild to moderate","Urinalysis/dipstick and urine culture increase diagnostic accuracy.","General Practitioner; Urologist","adults (women >> men)","more_common_in_females","very common in women","fever; flank pain (suggests pyelonephritis)","https://www.ncdc.gov.in;https://www.nhs.uk/conditions/urinary-tract-infection-utis/",0.93,"NCDC/NHS public info; attribute sources",2026-01-22
C005,"Allergic rhinitis (hay fever)","Seasonal allergic rhinitis",common,"IgE-mediated inflammation of nasal mucosa due to allergens.","sneezing; nasal congestion; rhinorrhea; itchy eyes; postnasal drip","sneezing; nasal congestion","mild to moderate","Clinical; skin-prick or specific IgE testing useful for allergens.","Allergist; ENT; General Practitioner","children and adults","none","common; varies by region/season","breathing difficulty; facial swelling — consider anaphylaxis","https://www.who.int/health-topics/allergic-diseases;https://www.nhs.uk/conditions/allergic-rhinitis/",0.88,"WHO/NHS public info; attribute sources",2026-01-22
C006,"Tension-type headache","Tension headache",common,"Bilateral pressing/tightening headache of mild–moderate intensity.","bilateral pressing headache; scalp tenderness; neck muscle tightness; mild photophobia","bilateral pressing headache",mild,"Clinical diagnosis; exclude secondary causes.","General Practitioner; Neurologist","adolescents and adults","slightly more common in females","very common","sudden severe headache; neurological deficits; fever","https://www.nhs.uk/conditions/headaches-and-migraines/",0.90,"NHS public info; attribute source",2026-01-22
C007,"Acute otitis media","Middle ear infection",common,"Infection/inflammation of middle ear, common in children.","ear pain; fever; reduced hearing; ear discharge (if perforation)","ear pain; fever","mild to moderate","Clinical; otoscopy confirms middle ear effusion/inflammation.","General Practitioner; Pediatrician","infants and children","none","common in young children","high/persistent fever; mastoiditis signs","https://www.nhs.uk/conditions/ear-infection/",0.92,"NHS public info; attribute source",2026-01-22
C008,"Acne vulgaris","Common acne",common,"Chronic inflammatory disorder of pilosebaceous units causing comedones and pustules.","papules; pustules; comedones; nodules; scarring","comedones; papules/pustules","mild to severe","Clinical; severity graded clinically.","Dermatologist; General Practitioner","adolescents and young adults","varies","very common in adolescents","severe cystic lesions","https://www.nhs.uk/conditions/acne/",0.89,"NHS public info; attribute source",2026-01-22
C009,"Tinea corporis (ringworm)","Ringworm of the body",common,"Superficial dermatophyte infection causing annular scaly lesions.","annular scaly rash with central clearing; pruritus","annular rash; itching","mild to moderate","Clinical; KOH microscopy or fungal culture if uncertain.","Dermatologist; General Practitioner","all ages","none","common worldwide","extensive disease in immunosuppressed","https://www.nhs.uk/conditions/ringworm/",0.88,"NHS public info; attribute source",2026-01-22
C010,"Gastro-oesophageal reflux disease (GERD)","Acid reflux; Heartburn disorder",common,"Reflux of gastric contents causing heartburn/regurgitation.","heartburn; regurgitation; chest discomfort; chronic cough","heartburn; regurgitation","mild to moderate","Clinical; endoscopy for alarm features.","Gastroenterologist; General Practitioner","adults","none","common","dysphagia; weight loss; GI bleeding","https://www.nhs.uk/conditions/heartburn-and-acid-reflux/",0.90,"NHS public info; attribute source",2026-01-22
C011,"Pharyngitis (sore throat)","Sore throat",common,"Inflammation of the pharynx causing throat pain; often viral.","sore throat; difficulty swallowing; fever; tonsillar exudate","sore throat; difficulty swallowing","mild to moderate","Clinical; rapid antigen test for Group A Strep when indicated.","General Practitioner; ENT","all ages","none","very common","drooling; stridor; severe odynophagia","https://www.nhs.uk/conditions/sore-throat/",0.91,"NHS public info; attribute source",2026-01-22
C012,"Sinusitis (acute rhinosinusitis)","Acute sinus infection",common,"Inflammation of paranasal sinuses causing facial pain/pressure and nasal symptoms.","facial pain/pressure; nasal congestion; purulent nasal discharge; reduced smell","facial pain; nasal congestion","mild to moderate","Clinical; imaging if complications suspected.","ENT; General Practitioner","adults and children","none","common","visual changes; meningitis signs","https://www.nhs.uk/conditions/sinusitis/",0.90,"NHS public info; attribute source",2026-01-22
C013,"Conjunctivitis (viral/allergic)","Pink eye",common,"Inflammation of conjunctiva causing redness, discharge and irritation.","red eye; watery or purulent discharge; itching; gritty sensation","red eye; discharge","mild to moderate","Clinical; cultures rarely required.","General Practitioner; Ophthalmologist","all ages","none","common","vision loss; severe pain","https://www.nhs.uk/conditions/conjunctivitis/",0.89,"NHS public info; attribute source",2026-01-22
C014,"Acute bronchitis","Tracheobronchitis",common,"Acute inflammation of bronchi usually viral causing cough.","productive or dry cough; sore throat; low-grade fever; chest discomfort","cough","mild to moderate","Clinical; chest imaging if pneumonia suspected.","General Practitioner; Pulmonologist","all ages","none","common","high fever; hypoxia","https://www.nhs.uk/conditions/bronchitis/",0.89,"NHS public info; attribute source",2026-01-22
C015,"Viral hepatitis A","Hepatitis A virus infection",common,"Acute liver infection caused by HAV, typically self-limiting.","jaundice; fatigue; nausea; abdominal pain","jaundice; fatigue","usually mild","Serology (IgM HAV) confirms diagnosis.","Infectious Disease; Hepatology; GP","children and adults","none","varies by region; vaccine-preventable","encephalopathy; acute liver failure","https://www.who.int/health-topics/hepatitis-a",0.88,"WHO page; attribute source",2026-01-22
C016,"Food poisoning (acute foodborne illness)","Foodborne gastroenteritis",common,"Acute GI illness from contaminated food or toxins.","nausea; vomiting; diarrhea; abdominal cramps; fever","nausea; vomiting; diarrhea","mild to moderate","Clinical; labs/toxin testing if outbreak/severe.","GP; Public Health","all ages","none","common; outbreaks","bloody diarrhea; dehydration","https://www.who.int/health-topics/food-safety",0.87,"WHO food safety pages; attribute source",2026-01-22
C017,"Cellulitis","Bacterial skin infection",common,"Acute bacterial infection of skin/subcutaneous tissue.","redness; swelling; pain; fever","redness; pain; swelling","mild to moderate","Clinical; ultrasound if abscess suspected.","General Practitioner; Infectious Disease","all ages","none","common","rapid spread; systemic toxicity","https://www.nhs.uk/conditions/cellulitis/",0.90,"NHS public info; attribute source",2026-01-22
C018,"Impetigo","School sores",common,"Superficial bacterial skin infection common in children.","honey-coloured crusted lesions; blisters; pruritus","crusted lesions; blisters","mild to moderate","Clinical; swab if severe/atypical.","GP; Dermatologist","children","none","common in children","extensive spread; systemic infection","https://www.nhs.uk/conditions/impetigo/",0.88,"NHS public info; attribute source",2026-01-22
C019,"Shingles (herpes zoster)","Herpes zoster",common,"Reactivation of VZV causing unilateral painful vesicular rash.","painful unilateral vesicular rash; burning pain","rash; pain","mild to severe","Clinical; PCR if atypical.","GP; Dermatologist","older adults; immunosuppressed","none","common with age","ocular involvement; severe pain","https://www.nhs.uk/conditions/shingles/",0.90,"NHS public info; attribute source",2026-01-22
C020,"Tonsillitis","Acute tonsillar infection",common,"Inflammation/infection of palatine tonsils causing sore throat.","sore throat; fever; tonsillar exudate; dysphagia","sore throat; fever","mild to moderate","Clinical; throat swab for strep when indicated.","ENT; GP","children and adolescents","none","common","difficulty breathing; drooling","https://www.nhs.uk/conditions/tonsillitis/",0.89,"NHS public info; attribute source",2026-01-22
C021,"Atopic dermatitis (eczema)","Atopic eczema",common,"Chronic relapsing inflammatory skin condition with itchy lesions.","itching; dry skin; red/oozing patches","itching; dry skin","mild to severe","Clinical; history/distribution diagnostic.","Dermatologist; GP","children and adults","none","common in children","severe infection; sleep disturbance","https://www.nhs.uk/conditions/atopic-eczema/",0.90,"NHS public info; attribute source",2026-01-22
C022,"Iron deficiency anemia (mild)","IDA",common,"Anemia due to iron deficiency from diet, blood loss or malabsorption.","fatigue; pallor; dyspnea on exertion; palpitations; pica","fatigue; pallor","mild to moderate","CBC + ferritin/iron studies confirm diagnosis.","GP; Hematologist","children and adults","more_common_in_females","very common worldwide","severe pallor; GI bleeding signs","https://www.nhs.uk/conditions/iron-deficiency-anaemia/",0.91,"NHS public info; attribute source",2026-01-22
C023,"Otitis externa","External ear infection",common,"Infection/inflammation of external auditory canal.","ear pain; itching; discharge; hearing reduction","ear pain; discharge","mild to moderate","Clinical; otoscopy diagnostic.","GP; ENT","all ages","none","common in swimmers/humid climates","severe pain; cellulitis of pinna","https://www.nhs.uk/conditions/ear-infection/",0.88,"NHS public info; attribute source",2026-01-22
C024,"Plantar fasciitis","Heel pain syndrome",common,"Overuse injury causing heel pain, worst on first steps in morning.","heel pain; pain on first step after rest; tenderness","heel pain on first steps","mild to moderate","Clinical; imaging rarely required.","Orthopaedist; Physiotherapist; GP","adults, active individuals","none","common cause of heel pain","severe unremitting pain","https://www.nhs.uk/conditions/plantar-fasciitis/",0.85,"NHS public info; attribute source",2026-01-22
C025,"Temporomandibular joint disorder (TMJ)","Jaw joint disorder",common,"Disorders of TMJ causing pain and limited movement.","jaw pain; difficulty opening mouth; clicking/popping; headache","jaw pain; limited opening","mild to moderate","Clinical; imaging if structural cause suspected.","Dentist; Oral Surgeon; ENT","adults","more_common_in_females","common","severe trismus","https://www.nhs.uk/conditions/temporomandibular-joint-dysfunction/",0.82,"NHS public info; attribute source",2026-01-22
C026,"Bacterial conjunctivitis","Acute bacterial pink eye",common,"Bacterial infection of conjunctiva causing purulent discharge.","purulent eye discharge; redness; stickiness of eyelids","purulent discharge; red eye","mild to moderate","Clinical; swab if severe/atypical.","GP; Ophthalmologist","all ages","none","common","vision loss; severe pain","https://www.nhs.uk/conditions/conjunctivitis/",0.88,"NHS public info; attribute source",2026-01-22
C027,"Adenoviral pharyngoconjunctivitis","Pharyngoconjunctival fever",common,"Viral syndrome causing sore throat and conjunctivitis, often in outbreaks.","sore throat; conjunctival redness; fever; cough","sore throat; conjunctivitis","mild to moderate","Clinical; virology for outbreak confirmation.","GP; Infectious Disease","children and young adults","none","occurs in outbreaks","severe systemic illness","https://www.who.int/health-topics/adenoviruses;https://ncdc.gov.in",0.75,"WHO/NCDC; attribute sources",2026-01-22
C028,"Bronchiolitis (infants)","Viral bronchiolitis",common,"Lower respiratory viral infection in infants causing cough and wheeze.","cough; wheeze; tachypnea; feeding difficulty","cough; wheeze","mild to severe","Clinical; oxygen saturation and work of breathing guide severity.","Pediatrician; GP","infants","slightly more common in male infants","common seasonal illness","apnea; poor feeding; hypoxia","https://www.nhs.uk/conditions/bronchiolitis/",0.88,"NHS public info; attribute source",2026-01-22
C029,"Otitis media with effusion (glue ear)","Glue ear",common,"Middle ear effusion without acute infection causing hearing reduction.","hearing difficulty; ear fullness; occasional discomfort","hearing reduction","mild to moderate","Otoscopy/tympanometry confirms effusion.","ENT; Pediatrician; GP","children","none","common in children","persistent hearing loss affecting development",https://www.nhs.uk/conditions/glue-ear/,0.86,"NHS public info; attribute source",2026-01-22
C030,"Viral warts","Common warts",common,"Benign skin lesions caused by HPV.","raised rough skin lesions; local discomfort","raised lesions","mild","Clinical","Dermatologist; GP","children and young adults","none","common","rapid growth or unusual appearance","https://www.nhs.uk/conditions/warts-and-verrucas/",0.82,"NHS public info; attribute source",2026-01-22
C031,"Minor traumatic wound (superficial)","Cut; Scrape",common,"Superficial skin injury from minor trauma.","pain; bleeding; local redness; wound","pain; bleeding","mild","Clinical; check tetanus status.","GP; Emergency Medicine","all ages","none","very common","heavily contaminated wound; exposed tendon/nerve","https://www.nhs.uk/conditions/minor-injuries/",0.80,"NHS public info; attribute source",2026-01-22
C032,"Contact dermatitis","Irritant/contact eczema",common,"Skin inflammation due to contact with irritant or allergen.","localized redness; itching; blisters; dry/cracked skin","redness; itching","mild to moderate","Clinical; patch testing if chronic allergic form suspected.","Dermatologist; GP","all ages","none","common occupational condition","extensive blistering; infection","https://www.nhs.uk/conditions/contact-dermatitis/",0.85,"NHS public info; attribute source",2026-01-22
C033,"Vaginal candidiasis","Thrush",common,"Fungal infection of the vagina causing discharge and itching.","vaginal itching; thick white discharge; vulval soreness","itching; thick discharge","mild to moderate","Clinical; microscopy/culture if recurrent.","GP; Gynaecologist","women of reproductive age","female-specific","common","recurrent episodes; severe pain","https://www.nhs.uk/conditions/thrush/",0.88,"NHS public info; attribute source",2026-01-22
C034,"Irritable bowel syndrome (IBS)","IBS",common,"Functional bowel disorder with abdominal pain related to stool changes and bloating.","recurrent abdominal pain; altered bowel habit; bloating; mucus in stool","abdominal pain; altered bowel habit","mild to moderate","Diagnosis based on Rome criteria and exclusion of red flags.","Gastroenterologist; GP","young adults to middle age","more_common_in_females","common","unintentional weight loss; rectal bleeding","https://www.nhs.uk/conditions/irritable-bowel-syndrome-ibs/",0.87,"NHS public info; attribute source",2026-01-22
C035,"Acid peptic disease / Peptic ulcer disease","PUD",common,"Ulceration in stomach/duodenum causing epigastric pain and bleeding risk.","epigastric pain; dyspepsia; nausea; melena","epigastric pain; dyspepsia","mild to severe","Endoscopy confirms diagnosis.","Gastroenterologist; GP","adults","none","common","haematemesis; melena","https://www.nhs.uk/conditions/peptic-ulcer/;https://www.who.int/",0.88,"NHS/WHO; attribute sources",2026-01-22
C036,"Constipation (functional)","Chronic constipation",common,"Infrequent/difficult bowel movements often functional.","infrequent stools; straining; hard stools; abdominal discomfort","infrequent stools; straining","mild to moderate","Clinical; investigate red flags.","GP; Gastroenterologist","all ages","more_common_in_females","common","unintentional weight loss; rectal bleeding","https://www.nhs.uk/conditions/constipation/",0.84,"NHS public info; attribute source",2026-01-22
C037,"Haemorrhoids (piles)","Anal varices",common,"Swollen anorectal venous cushions causing bleeding/pain.","rectal bleeding; pain; prolapse","rectal bleeding; anal discomfort","mild to moderate","Clinical; anoscopy/endoscopy if red flags.","GP; Colorectal Surgeon","adults","none","common","massive bleeding; anemia","https://www.nhs.uk/conditions/haemorrhoids/",0.83,"NHS public info; attribute source",2026-01-22
C038,"Acute sinusitis (duplicate entry)","Sinus infection",common,"Facial pain/pressure and nasal symptoms (see others).","facial pain; nasal congestion; purulent discharge","facial pain; nasal congestion","mild to moderate","Clinical; imaging if complications.","ENT; GP","adults and children","none","common","vision changes; meningitis signs","https://www.nhs.uk/conditions/sinusitis/",0.90,"NHS public info; attribute source",2026-01-22
C039,"Benign prostatic hyperplasia (BPH)","Prostate enlargement",common,"Nonmalignant prostate enlargement causing LUTS in men.","urinary frequency; nocturia; hesitancy; weak stream","frequency; nocturia","mild to moderate","Clinical; PSA/uroflow as indicated.","Urologist; GP","older men","male-specific","very common with age","acute retention; haematuria","https://www.nhs.uk/conditions/benign-prostatic-hyperplasia-bph/",0.85,"NHS public info; attribute source",2026-01-22
C040,"Urinary calculus (kidney stone)","Nephrolithiasis",common,"Stone in urinary tract causing severe colicky flank pain.","severe colicky flank pain; radiation to groin; hematuria","flank pain; hematuria","mild to severe","Imaging (CT/US) confirms diagnosis.","Urologist; Emergency Medicine","adults","none","common","intractable pain; obstructive infection","https://www.nhs.uk/conditions/kidney-stones/",0.86,"NHS public info; attribute source",2026-01-22
C041,"Dermatophytosis variants (scalp/feet)","Tinea capitis/pedis",common,"Fungal infections of scalp/feet.","scaly rash; itching; hair loss (scalp)","itching; scaly rash","mild to moderate","Clinical; KOH/culture if needed.","Dermatologist; GP","all ages","none","common","widespread in immunosuppressed","https://www.nhs.uk/conditions/fungal-skin-infection/",0.85,"NHS public info; attribute source",2026-01-22
C042,"Oral thrush (oropharyngeal candidiasis)","Thrush",common,"Fungal infection of oral mucosa causing white plaques and soreness.","white oral plaques; pain; dysphagia in severe cases","white plaques; oral soreness","mild to moderate","Clinical; KOH/culture if atypical.","GP; Dentist","infants and immunosuppressed","mixed","common in infants","difficulty feeding; systemic signs","https://www.nhs.uk/conditions/thrush/",0.86,"NHS public info; attribute source",2026-01-22
C043,"Stomatitis (aphthous ulcers)","Mouth ulcers",common,"Painful ulceration of oral mucosa, usually self-limited.","small painful oral ulcers; burning pain","oral ulcers; pain","mild to moderate","Clinical; exclude systemic causes if recurrent.","GP; Dentist","all ages","mixed","common","persistent large ulcers; fever","https://www.nhs.uk/conditions/mouth-ulcers/",0.80,"NHS public info; attribute source",2026-01-22
C044,"Recurrent otitis media / chronic suppurative otitis","Recurrent AOM",common,"Repeated middle ear infections or chronic discharge with hearing impact.","recurrent ear pain; hearing loss; discharge","discharge; hearing loss","mild to moderate","ENT assessment; tympanometry.","Pediatrician; ENT","children","none","common in pediatrics","persistent hearing loss","https://www.nhs.uk/conditions/ear-infection/",0.85,"NHS public info; attribute source",2026-01-22
C045,"Seasonal allergic conjunctivitis","Allergic pink eye",common,"Allergic eye inflammation tied to seasonal allergens.","itchy red eyes; watery discharge; mucous","itching; watery discharge","mild to moderate","Clinical; allergy testing if needed.","Ophthalmologist; Allergist; GP","all ages","none","common seasonally","vision changes","https://www.nhs.uk/conditions/conjunctivitis/",0.84,"NHS public info; attribute source",2026-01-22
C046,"Acute viral URTI (non-specific)","URTI",common,"Non-specific viral upper respiratory illness with rhinorrhea and sore throat.","runny nose; sore throat; cough; mild fever","runny nose; sore throat","mild","Clinical; testing for specific viruses if indicated.","GP; Family Physician","all ages","none","very common","severe breathlessness; dehydration","https://www.who.int/health-topics/respiratory-infections",0.88,"WHO topic; attribute source",2026-01-22
C047,"Minor sprain/strain","Muscle strain; Ligament sprain",common,"Soft tissue injury causing local pain and reduced function.","localized pain; swelling; reduced ROM","pain; swelling","mild to moderate","Clinical; imaging if fracture suspected.","Physiotherapist; Orthopedist; GP","all ages","none","very common","neurovascular compromise","https://www.nhs.uk/conditions/sprains-and-strains/",0.80,"NHS public info; attribute source",2026-01-22
C048,"Croup (children)","Viral croup",common,"Viral laryngotracheitis causing barking cough and inspiratory stridor.","barking cough; stridor; hoarseness; fever","barking cough; stridor","mild to severe","Clinical; monitor airway compromise.","Pediatrician; GP","infants and young children","male>female","common","stridor at rest; respiratory distress","https://www.nhs.uk/conditions/croup/",0.86,"NHS public info; attribute source",2026-01-22
C049,"Seasonal allergic conjunctivitis (duplicate)","Allergic conjunctivitis",common,"(See C045)","itchy eyes; watery discharge","itching; watery discharge","mild to moderate","Clinical","Ophthalmologist; Allergist; GP","all ages","none","common seasonally","vision changes","https://www.nhs.uk/conditions/conjunctivitis/",0.84,"NHS public info; attribute source",2026-01-22
C050,"Acute viral hepatitis (non-specific)","Viral hepatitis",common,"Acute liver inflammation from various viral causes.","jaundice; fatigue; nausea; abdominal pain","jaundice; fatigue","mild to severe","Serology to identify virus.","Hepatology; Infectious Disease","all ages","none","varies","hepatic failure signs","https://www.who.int/health-topics/hepatitis",0.86,"WHO topic; attribute source",2026-01-22
C051,"Scabies","Sarcoptes scabiei infestation",common,"Parasitic skin infestation causing intense pruritus and papular rash.","intense itching; burrows; papular rash","itching; burrows","mild to moderate","Clinical; scrapings if needed.","Dermatologist; GP","all ages","none","common in crowded settings","secondary infection","https://www.who.int/health-topics/skin-diseases;https://ncdc.gov.in",0.82,"WHO/NCDC; attribute sources",2026-01-22
C052,"Head lice (pediculosis)","Nits and lice",common,"Infestation of scalp by Pediculus humanus capitis causing pruritus.","intense scalp itching; visible lice/nits","itching; nits","mild","Clinical","GP; School nurse","children","none","common in schoolchildren","secondary infection","https://www.nhs.uk/conditions/head-lice-and-nits/",0.80,"NHS public info; attribute source",2026-01-22
C053,"Acute urticaria (hives)","Hives",common,"Allergic superficial skin reaction with itchy wheals.","itchy wheals; angioedema sometimes","wheals; itching","mild to severe","Clinical; identify triggers.","Allergist; GP","all ages","mixed","common","airway compromise; anaphylaxis","https://www.nhs.uk/conditions/hives/",0.85,"NHS public info; attribute source",2026-01-22
C054,"Dry eye syndrome","Keratoconjunctivitis sicca",common,"Chronic tear film insufficiency causing eye discomfort.","eye dryness; foreign body sensation; irritation","dryness; grittiness","mild to moderate","Clinical; Schirmer test if indicated.","Ophthalmologist; GP","older adults","more_common_in_females","common","ulceration; vision loss","https://www.nhs.uk/conditions/dry-eye/",0.82,"NHS public info; attribute source",2026-01-22
C055,"Influenza-like illness (ILI) surveillance case","ILI",common,"Syndromic fever + respiratory symptoms used in surveillance.","fever; cough; sore throat; myalgia","fever; cough","mild to severe","Surveillance case definition; lab testing for etiology.","GP; Public Health","all ages","none","seasonal epidemics","severe respiratory distress","https://www.who.int/teams/global-influenza-programme",0.88,"WHO surveillance; attribute source",2026-01-22
C056,"Chemical conjunctivitis","Chemical eye injury",common,"Eye irritation from chemical exposure causing redness and pain.","redness; pain; watering; blurred vision","redness; pain","mild to severe","Clinical; urgent ophthalmic assessment for chemical burns.","Ophthalmologist; Emergency Medicine","all ages","none","variable","vision loss; corneal ulceration","https://www.nhs.uk/conditions/chemical-eye-injury/",0.78,"NHS public info; attribute source",2026-01-22
C057,"Influenza complication: otitis media","Post-viral AOM",common,"Otitis media as complication of URTI/influenza.","ear pain; fever; hearing changes","ear pain; fever","mild to moderate","Clinical; otoscopy.","GP; Pediatrician","children","none","common post-viral complication","bulging TM; persistent fever","https://www.who.int/health-topics/influenza;https://www.nhs.uk/conditions/ear-infection/",0.85,"WHO/NHS; attribute sources",2026-01-22
C058,"Nail conditions (onychomycosis/paronychia)","Fungal nail infection",common,"Nail infections/inflammation causing discoloration, pain.","nail discoloration; thickening; periungual redness","nail changes; pain","mild to moderate","Clinical; microscopy/culture if uncertain.","Dermatologist; GP","adults","none","common","rapid spread; systemic signs","https://www.nhs.uk/conditions/fungal-skin-infection/",0.80,"NHS public info; attribute source",2026-01-22
C059,"Peritonsillar abscess (quinsy)","Peritonsillar abscess",common,"Localized collection adjacent to tonsil causing severe throat pain and trismus.","severe sore throat; difficulty opening mouth; muffled voice","severe sore throat; trismus","moderate to severe","ENT assessment and drainage required.","ENT; Emergency Medicine","adolescents and adults","none","common ENT emergency","airway compromise; sepsis","https://www.nhs.uk/conditions/peritonsillar-abscess/",0.84,"NHS public info; attribute source",2026-01-22
C060,"Sinus headache (rhinosinusitis-related)","Sinus headache",common,"Facial pain/headache associated with rhinosinusitis.","facial pain/pressure; worse on bending; nasal congestion","facial pain; nasal congestion","mild to moderate","Clinical; imaging if complications.","ENT; GP","adults","none","common","vision changes","https://www.nhs.uk/conditions/sinusitis/",0.82,"NHS public info; attribute source",2026-01-22
C061,"Insect bite/sting local reaction","Local insect reaction",common,"Localized redness, swelling and itching after insect bite/sting.","local redness; itching; small swelling","redness; itching","mild to moderate","Clinical; monitor for systemic reaction.","GP; Allergist","all ages","none","very common","systemic allergic reaction signs","https://www.nhs.uk/conditions/insect-bites-and-stings/",0.80,"NHS public info; attribute source",2026-01-22
C062,"Viral exanthem (measles-like)","Viral rash",common,"Viral rashes with fever and widespread rash in children.","fever; generalized rash; malaise","fever; rash","mild to moderate","Clinical; lab confirmation if needed.","Pediatrician; GP","children","none","common in outbreaks","high fever; neurological signs","https://www.who.int/health-topics/measles;https://ncdc.gov.in",0.78,"WHO/NCDC; attribute sources",2026-01-22
C063,"Hand-foot-and-mouth disease (HFMD)","HFMD",common,"Viral illness with oral ulcers and vesicular rash on hands/feet.","fever; oral ulcers; vesicular rash","oral ulcers; vesicles","mild to moderate","Clinical; virology in outbreaks.","Pediatrician; GP","young children","none","common in children","dehydration; neurological signs","https://www.who.int/health-topics/enteroviruses",0.80,"WHO topic; attribute source",2026-01-22
C064,"Chickenpox (varicella)","Varicella",common,"Primary varicella with generalized vesicular rash and fever.","fever; generalized itchy vesicular rash","vesicular rash; fever","mild to moderate","Clinical; PCR/serology if needed.","Pediatrician; Infectious Disease","children and adults","none","common where vaccine coverage incomplete","secondary infection; pneumonia","https://www.who.int/health-topics/chickenpox",0.84,"WHO pages; attribute source",2026-01-22
C065,"Common cold complicated by AOM","Complicated URTI",common,"URTI complicated by otitis media; see C001/C007.","fever; ear pain; nasal congestion","ear pain; fever","mild to moderate","Clinical; otoscopy.","GP; Pediatrician","children","none","common","bulging TM; persistent fever","https://www.nhs.uk/conditions/common-cold/;https://www.nhs.uk/conditions/ear-infection/",0.88,"NHS; attribute sources",2026-01-22
C066,"Streptococcal pharyngitis (strep throat)","Strep throat",common,"Bacterial pharyngitis often due to Group A Streptococcus.","sore throat; fever; tonsillar exudate; tender nodes","sore throat; fever","mild to moderate","Rapid antigen test / throat culture confirm.","GP; ENT","children/adolescents","none","common","peritonsillar abscess; rheumatic fever risk (untreated)","https://www.nhs.uk/conditions/sore-throat/;https://ncdc.gov.in",0.88,"NHS/NCDC; attribute sources",2026-01-22
C067,"Concussion (mild TBI)","Concussion",common,"Transient neurological dysfunction after head injury without structural damage.","headache; dizziness; confusion; nausea","headache; dizziness","mild to moderate","Clinical decision rules guide imaging.","Emergency Medicine; Neurology","all ages","mixed","common in trauma","loss of consciousness; focal deficits","https://www.nhs.uk/conditions/concussion/",0.85,"NHS public info; attribute source",2026-01-22
C068,"Ankle sprain","Sprain",common,"Ligament injury around ankle causing pain and swelling.","localized pain; swelling; difficulty weight-bearing","pain; swelling","mild to moderate","Clinical; imaging if fracture suspected.","Physiotherapist; Orthopedist; GP","all ages","none","very common","neurovascular compromise","https://www.nhs.uk/conditions/sprains-and-strains/",0.80,"NHS public info; attribute source",2026-01-22
C069,"Irritant contact dermatitis (mild)","Irritant dermatitis",common,"Local skin irritation after exposure to irritant.","redness; dryness; itching","redness; itching","mild to moderate","Clinical; patch testing for allergy if chronic.","Dermatologist; GP","all ages","none","common occupationally","secondary infection","https://www.nhs.uk/conditions/contact-dermatitis/",0.82,"NHS public info; attribute source",2026-01-22
C070,"Post-viral anosmia (loss of smell)","Post-viral anosmia",common,"Loss of smell following viral URTI including SARS-CoV-2.","reduced or lost smell; taste disturbance","loss of smell; nasal congestion","mild to moderate; may persist","Clinical history; smell testing if persistent.","ENT; GP","all ages","mixed","increased with certain viruses","sudden onset with neurological signs","https://www.who.int/health-topics/covid-19",0.80,"WHO pages; attribute source",2026-01-22
C071,"Typhoid fever","Enteric fever; Salmonella Typhi infection",common,"Systemic infection caused by Salmonella Typhi presenting with sustained fever and GI symptoms.","prolonged high fever; abdominal pain; headache; constipation or diarrhea; rose spots (occasionally)","prolonged fever; abdominal pain","mild to severe; can be life-threatening if untreated","Blood culture is gold standard early; Widal test less specific.","Infectious Disease; General Practitioner","children and adults (endemic areas)","mixed","endemic in many LMICs including India","persistent very high fever; severe abdominal pain; intestinal perforation","https://www.who.int/health-topics/typhoid",0.92,"WHO fact pages; attribute source",2026-01-22
C072,"Chikungunya","Chikungunya fever",common,"Mosquito-borne viral illness with acute fever and severe polyarthralgia.","high fever; severe joint pain; headache; rash; myalgia","fever; severe joint pain","usually self-limited; joint pain may persist","PCR or serology confirm depending on stage.","Infectious Disease; GP","all ages","mixed","epidemic outbreaks in tropical areas","prolonged debilitating arthralgia","https://www.who.int/health-topics/chikungunya",0.90,"WHO topic pages; attribute source",2026-01-22
C073,"Dengue","Dengue fever",common,"Aedes-transmitted viral infection causing fever, myalgia and in severe cases plasma leakage/hemorrhage.","high fever; severe headache; retro-orbital pain; myalgia/arthralgia; rash; bleeding","fever; severe headache; myalgia","mild to severe; can progress to severe dengue","NS1 antigen/PCR early; IgM/IgG later; monitor clinical warning signs.","Infectious Disease; GP; Emergency Medicine","all ages in endemic areas","mixed","endemic/epidemic in tropical regions including India","abdominal pain; bleeding; shock","https://www.who.int/health-topics/dengue",0.95,"WHO fact sheet; attribute source",2026-01-22
C074,"Zika virus infection","Zika fever",common,"Mosquito-borne infection usually mild in adults but with fetal risk during pregnancy.","mild fever; rash; arthralgia; conjunctivitis; headache","rash; arthralgia","usually mild; major concern is congenital infection","PCR early in blood/urine; serology later with cross-reactivity issues.","Infectious Disease; Obstetrics; GP","all ages; pregnant women at risk","female (pregnancy risk)","outbreaks in tropical regions; travel-related importation","pregnancy with suspected infection; neurological complications","https://www.who.int/health-topics/zika-virus",0.90,"WHO topic pages; attribute source",2026-01-22
C075,"COVID-19 (Coronavirus disease)","SARS-CoV-2 infection",common,"Acute respiratory infection caused by SARS-CoV-2 with a spectrum from asymptomatic to severe systemic disease.","fever; cough; fatigue; loss of taste/smell; shortness of breath","fever; cough; fatigue","asymptomatic to severe; higher risk in elderly/comorbidities","PCR/NAAT gold standard; antigen tests for rapid screening; clinical and imaging support management.","Infectious Disease; Pulmonologist; GP; Emergency Medicine","all ages","mixed","pandemic; widespread circulation","dyspnea; hypoxia; confusion; persistent chest pain","https://www.who.int/health-topics/coronavirus#tab=tab_1",0.96,"WHO COVID-19 pages; attribute source",2026-01-22
C076,"Tuberculosis (pulmonary)","TB; Mycobacterium tuberculosis infection",common,"Bacterial disease affecting lungs causing chronic cough, weight loss and night sweats.","persistent cough (>2 weeks); weight loss; fever; night sweats; hemoptysis","persistent cough; weight loss","chronic; can be severe/fatal if untreated","Sputum microscopy/culture and Xpert MTB/RIF/PCR; chest imaging supportive.","Pulmonologist; Infectious Disease; GP","adults and children in endemic areas","mixed","high burden disease in many countries including India","hemoptysis; severe respiratory compromise","https://www.who.int/health-topics/tuberculosis",0.97,"WHO fact sheet; attribute source",2026-01-22
C077,"Human papillomavirus infection (HPV)","HPV infection",common,"Common sexually transmitted viral infection with types causing genital warts and others associated with cancers.","often asymptomatic; genital warts; abnormal cervical cytology with oncogenic types","asymptomatic; genital warts","usually benign; oncogenic types increase cancer risk","HPV DNA testing and cytology for screening; clinical exam for warts.","GP; Gynaecologist; Dermatologist","sexually active adolescents and adults","affects all sexes; cervical cancer risk in females","very common worldwide","persistent high-risk infection; abnormal screening","https://www.who.int/health-topics/human-papillomavirus-infection",0.94,"WHO pages; attribute source",2026-01-22
C078,"Pneumococcal disease","Streptococcus pneumoniae infection",common,"Range from otitis media and pneumonia to invasive disease (bacteremia/meningitis).","fever; cough; pleuritic chest pain; ear pain; signs of meningitis in invasive disease","fever; cough; ear pain","mild to severe; invasive disease life-threatening","Microbiology (blood/CSF culture, PCR) and antigen tests; clinical diagnosis for pneumonia/OM.","Pediatrician; GP; Infectious Disease; Pulmonologist","young children; older adults; immunocompromised","mixed","common cause of community-acquired infections; vaccine-preventable","sepsis; meningitis; respiratory failure","https://www.who.int/health-topics/pneumococcal-disease",0.94,"WHO pages; attribute source",2026-01-22
C079,"Pertussis (Whooping cough)","Bordetella pertussis infection",common,"Contagious respiratory infection with paroxysmal cough; severe in infants.","paroxysmal coughing; whoop; post-tussive vomiting; apnea in infants","paroxysmal cough; whoop","mild to severe; dangerous in infants","PCR/culture from nasopharyngeal swab early; serology later.","Pediatrician; GP; Infectious Disease","infants and children; adolescents with waning immunity","mixed","vaccine-preventable; outbreaks possible","apnea in infants; severe respiratory compromise","https://www.who.int/health-topics/pertussis",0.93,"WHO pages; attribute source",2026-01-22
C080,"Tetanus","Lockjaw",common,"Neuromuscular disease from tetanus toxin causing muscle rigidity and spasms; preventable by vaccine.","trismus (jaw stiffness); muscle spasms; difficulty swallowing; autonomic instability","trismus; muscle spasms","severe; life-threatening without treatment","Clinical diagnosis; immunization history crucial; treat supportively with immunoglobulin and wound care.","Emergency Medicine; Infectious Disease","all ages (risk in unimmunized)","mixed","vaccine-preventable; occurs where coverage low","airway compromise; severe autonomic instability","https://www.who.int/health-topics/tetanus",0.95,"WHO pages; attribute source",2026-01-22
C081,"Norovirus infection","Norwalk-like virus infection",common,"Highly infectious viral cause of acute gastroenteritis characterized by vomiting and diarrhea, often in outbreaks.","sudden vomiting; watery diarrhea; abdominal cramps; nausea; low-grade fever","vomiting; diarrhea","mild to moderate; severe dehydration risk in vulnerable groups","PCR/antigen testing in outbreaks; clinical diagnosis common.","GP; Public Health; Emergency Medicine","all ages","mixed","common cause of acute gastroenteritis and outbreaks worldwide","severe dehydration; persistent vomiting","https://www.who.int/teams/health-product-and-policy-standards/food-safety/foodborne-diseases",0.88,"WHO food safety pages; attribute source",2026-01-22
C082,"Rabies (exposure and disease)","Hydrophobia (clinical rabies)",common,"Zoonotic viral disease causing fatal encephalitis if post-exposure prophylaxis is not given after exposure.","fever; headache; paresthesia at bite site; progressive encephalitic symptoms (hydrophobia, agitation)","paresthesia at exposure site; fever","almost always fatal once clinical disease develops","Clinical + laboratory (PCR/antigen/serology) in specialized labs; prevention by timely post-exposure prophylaxis is critical.","Infectious Disease; Emergency Medicine","all ages (exposure-dependent)","mixed","rare but important in countries with animal rabies reservoirs; PEP prevents disease","neurological deterioration; hydrophobia","https://www.who.int/health-topics/rabies",0.95,"WHO fact sheet; attribute source",2026-01-22
C083,"Mumps","Parotitis due to mumps virus",common,"Viral infection causing parotid gland swelling and fever; complications include orchitis and meningitis.","fever; parotid swelling; headache; myalgia","parotid swelling; fever","mild to moderate; complications possible","Serology (IgM) or PCR confirm.","Pediatrician; GP; Infectious Disease","children and adolescents","mixed","vaccine-preventable; outbreaks in low-coverage areas","orchitis; meningitis","https://www.who.int/health-topics/mumps",0.88,"WHO pages; attribute source",2026-01-22
C084,"Rubella (German measles)","Rubella virus infection",common,"Generally mild viral illness but with high teratogenic risk if infection in pregnancy.","mild fever; maculopapular rash; lymphadenopathy; arthralgia in adults","rash; low-grade fever","mild in most; severe fetal risk in pregnancy","Serology (IgM/IgG) and PCR confirm; screening in pregnancy important.","GP; Obstetrician/Gynaecologist; Pediatrician","children and adults","female (pregnancy implications)","vaccine-preventable; elimination targets in many regions","maternal infection during pregnancy; congenital anomalies","https://www.who.int/health-topics/rubella",0.92,"WHO pages; attribute source",2026-01-22
CH001,"Type 2 diabetes mellitus","Adult-onset diabetes; Non-insulin dependent diabetes",chronic,"Chronic metabolic disorder characterized by hyperglycemia due to insulin resistance.","polyuria; polydipsia; polyphagia; fatigue; blurred vision; slow wound healing","polyuria; polydipsia; fatigue","chronic; variable","FPG, OGTT or HbA1c per guidelines for diagnosis.","Endocrinologist; GP","adults","mixed","high and rising prevalence","DKA (rare in T2); hyperosmolar state","https://www.who.int/news-room/fact-sheets/detail/diabetes",0.95,"WHO fact sheet; attribute source",2026-01-22
CH002,"Essential hypertension","Primary hypertension",chronic,"Persistent elevated arterial blood pressure without secondary cause in most.","often asymptomatic; headache; dizziness","asymptomatic","chronic; risk factor for organ damage","Diagnosis requires repeated accurate BP measurements.","GP; Cardiologist","adults","slightly higher in younger males","very common worldwide","hypertensive emergency signs","https://www.who.int/news-room/fact-sheets/detail/hypertension",0.93,"WHO fact sheet; attribute source",2026-01-22
CH003,"Chronic obstructive pulmonary disease (COPD)","Chronic bronchitis; Emphysema",chronic,"Progressive airflow limitation usually from smoking or pollution.","chronic cough; sputum production; dyspnea on exertion; wheeze","chronic cough; dyspnea","mild to severe (progressive)","Spirometry (post-bronchodilator FEV1/FVC) required for diagnosis.","Pulmonologist; GP","adults >40","historically male>female","common in smokers","acute respiratory failure","https://www.who.int/news-room/fact-sheets/detail/chronic-obstructive-pulmonary-disease-(copd)",0.94,"WHO fact sheet; attribute source",2026-01-22
CH004,"Chronic kidney disease (CKD)","Chronic renal failure",chronic,"Progressive loss of kidney function staged by eGFR and albuminuria.","fatigue; edema; nausea; itching","fatigue; edema","chronic; staged","eGFR and albuminuria define diagnosis/stage.","Nephrologist; GP","adults","mixed","increasing global burden","uremic symptoms; hyperkalemia","https://www.who.int/news-room/fact-sheets/detail/chronic-kidney-disease",0.92,"WHO fact sheet; attribute source",2026-01-22
CH005,"Osteoarthritis","Degenerative joint disease",chronic,"Degeneration of joint cartilage causing pain and stiffness.","joint pain; stiffness; reduced ROM","joint pain; stiffness","mild to severe","Clinical; X-ray supports diagnosis.","Rheumatologist; Orthopaedist; GP","older adults","more_common_in_females","very common in elderly","septic arthritis signs","https://www.nhs.uk/conditions/osteoarthritis/",0.90,"NHS public info; attribute source",2026-01-22
CH006,"Asthma (chronic)","Bronchial asthma",chronic,"Chronic inflammatory airway disease with reversible obstruction.","wheeze; dyspnea; cough; chest tightness","wheeze; cough","mild to severe","Spirometry/peak flow variability supports diagnosis.","Pulmonologist; Allergist; GP","children and adults","varies by age","common worldwide","severe breathlessness","https://www.who.int/news-room/fact-sheets/detail/asthma",0.94,"WHO fact sheet; attribute source",2026-01-22
CH007,"Chronic heart failure","Chronic heart failure",chronic,"Impaired cardiac pump function causing congestion and low perfusion.","dyspnea; orthopnea; PND; edema","dyspnea; edema","mild to advanced","Echo + BNP improve diagnosis.","Cardiologist; GP","older adults","mixed","common and rising","acute pulmonary edema","https://www.nhs.uk/conditions/heart-failure/",0.92,"NHS public info; attribute source",2026-01-22
CH008,"Major depressive disorder (recurrent)","Clinical depression",chronic,"Persistent low mood and functional impairment.","low mood; anhedonia; sleep disturbance; concentration problems","low mood; anhedonia","mild to severe","DSM/ICD criteria; screening tools assist.","Psychiatrist; GP","adolescents and adults","more_common_in_females","common","suicidal ideation","https://www.nhs.uk/conditions/clinical-depression/",0.90,"NHS public info; attribute source",2026-01-22
CH009,"Rheumatoid arthritis","RA",chronic,"Autoimmune inflammatory polyarthritis causing pain and deformity.","symmetric small-joint pain; morning stiffness; swelling","joint pain; morning stiffness","mild to severe","Serology + imaging help diagnosis.","Rheumatologist; GP","adults","more_common_in_females","common among autoimmune diseases","rapid functional decline","https://www.nhs.uk/conditions/rheumatoid-arthritis/",0.91,"NHS public info; attribute source",2026-01-22
CH010,"Hypercholesterolemia","High blood cholesterol",chronic,"Elevated cholesterol increasing cardiovascular risk.","usually asymptomatic","asymptomatic","chronic; risk factor","Blood lipid profile required.","GP; Cardiologist","adults","varies","common","very high LDL; xanthomas","https://www.nhs.uk/conditions/high-cholesterol/",0.89,"NHS public info; attribute source",2026-01-22
CH011,"HIV infection (chronic)","HIV/AIDS",chronic,"Chronic viral infection managed with ART.","weight loss; fever; lymphadenopathy; opportunistic infections","weight loss; fever","chronic; treatable with ART","HIV serology and viral load confirm.","Infectious Disease; GP","adults","mixed","global public health priority","opportunistic infections","https://www.who.int/health-topics/hiv-aids",0.93,"WHO fact sheet; attribute source",2026-01-22
CH012,"Alzheimer disease","Alzheimer's dementia",chronic,"Progressive neurodegenerative cognitive decline.","memory loss; disorientation; language difficulty","memory loss; disorientation","progressive to severe","Clinical plus cognitive testing and imaging.","Neurologist; Geriatrician; GP","older adults","more_common_in_females","increasing with age","rapid decline; delirium","https://www.who.int/news-room/fact-sheets/detail/dementia",0.93,"WHO fact sheet; attribute source",2026-01-22
CH013,"Chronic hepatitis B","HBV chronic",chronic,"Long-term HBV infection with cirrhosis/HCC risk.","often asymptomatic; fatigue; abdominal discomfort","fatigue","chronic; risk of liver disease","HBsAg and HBV DNA confirm.","Hepatology; Infectious Disease","varies by region","mixed","major global health issue","decompensated cirrhosis; hepatic failure","https://www.who.int/health-topics/hepatitis-b",0.92,"WHO fact sheet; attribute source",2026-01-22
CH014,"Chronic hepatitis C","HCV chronic",chronic,"Chronic HCV infection risk of cirrhosis/HCC if untreated.","often asymptomatic; fatigue","fatigue","chronic; treatable with antivirals","HCV RNA confirms.","Hepatology; Infectious Disease","adults","mixed","global burden","decompensated liver disease; HCC","https://www.who.int/health-topics/hepatitis-c",0.92,"WHO fact sheet; attribute source",2026-01-22
CH015,"Parkinson disease","Parkinson's",chronic,"Progressive movement disorder with tremor and bradykinesia.","rest tremor; bradykinesia; rigidity; postural instability","tremor; bradykinesia","progressive","Clinical; imaging to exclude mimics.","Neurologist; Geriatrician","older adults","male>female","common neurodegenerative disease","rapid progression","https://www.nhs.uk/conditions/parkinsons-disease/",0.90,"NHS public info; attribute source",2026-01-22
CH016,"Multiple sclerosis","MS",chronic,"Immune-mediated CNS demyelination with relapses/progression.","optic neuritis; sensory disturbances; motor weakness; fatigue","sensory disturbances; fatigue","variable","MRI + CSF support diagnosis.","Neurologist; MS specialist","young adults","more_common_in_females","common in many regions","rapid progression; severe deficits","https://www.nhs.uk/conditions/multiple-sclerosis-ms/",0.90,"NHS public info; attribute source",2026-01-22
CH017,"Psoriasis","Chronic plaque psoriasis",chronic,"Chronic immune-mediated scaly plaques; systemic associations.","scaly plaques; pruritus; nail changes","scaly plaques; itching","mild to severe","Clinical; biopsy rarely required.","Dermatologist; Rheumatologist","adults","mixed","common","extensive involvement","https://www.nhs.uk/conditions/psoriasis/",0.88,"NHS public info; attribute source",2026-01-22
CH018,"Chronic low back pain","Persistent low back pain",chronic,"Longstanding low back pain often non-specific.","low back pain; reduced mobility; functional limitation","low back pain","mild to severe","Clinical; imaging for red flags.","Orthopedist; Physiotherapist; GP","adults","mixed","very common","bowel/bladder dysfunction; progressive deficit","https://www.nhs.uk/conditions/low-back-pain/",0.86,"NHS public info; attribute source",2026-01-22
CH019,"Ulcerative colitis","UC",chronic,"Chronic inflammatory disease of colon causing bloody diarrhea and urgency.","bloody diarrhea; abdominal pain; tenesmus; weight loss","bloody diarrhea; abdominal pain","mild to severe","Colonoscopy + biopsy confirms.","Gastroenterologist; Colorectal Surgeon","young adults to middle age","mixed","common IBD subtype","severe bleeding; toxic megacolon","https://www.nhs.uk/conditions/ulcerative-colitis/",0.90,"NHS public info; attribute source",2026-01-22
CH020,"Crohn disease","Crohn's",chronic,"Transmural IBD affecting any GI segment causing pain and complications.","abdominal pain; diarrhea; weight loss; fistulae","abdominal pain; diarrhea","mild to severe","Endoscopy + imaging + histology required.","Gastroenterologist; Colorectal Surgeon","young adults","mixed","common IBD subtype","obstruction; abscess","https://www.nhs.uk/conditions/crohns-disease/",0.90,"NHS public info; attribute source",2026-01-22
E001,"Acute myocardial infarction (heart attack)","AMI",emergency,"Acute ischemic injury of myocardium due to coronary occlusion.","central chest pain; radiation; dyspnea; diaphoresis","chest pain; dyspnea","severe, life-threatening","ECG + serial troponin required.","Emergency Medicine; Cardiologist","adults","symptoms may be atypical in females","leading cause of acute mortality","cardiac arrest; severe hypotension","https://www.who.int/health-topics/cardiovascular-diseases;https://www.nhp.gov.in",0.97,"WHO/NHP India; attribute sources",2026-01-22
E002,"Ischemic stroke","Acute cerebral ischemia",emergency,"Acute focal neurological deficit due to cerebral occlusion.","sudden weakness; facial droop; speech difficulty; vision loss","sudden weakness; speech difficulty","severe; time-critical","CT/MRI required to guide therapy.","Emergency Medicine; Neurologist","adults; elderly","mixed","major cause of mortality and disability","loss of consciousness; rapid deterioration","https://www.who.int/health-topics/cerebrovascular-accident;https://www.nhp.gov.in",0.97,"WHO/NHP India; attribute sources",2026-01-22
E003,"Septic shock","Sepsis with organ dysfunction",emergency,"Life-threatening organ dysfunction due to infection causing hypotension.","fever/hypothermia; hypotension; tachycardia; altered mental status","fever; hypotension","life-threatening","SOFA/qSOFA criteria; cultures and lactate helpful.","Emergency Medicine; Intensive Care","all ages","mixed","common in hospitalized patients","persistent hypotension despite fluids","https://www.who.int/health-topics/sepsis",0.95,"WHO public info; attribute source",2026-01-22
E004,"Anaphylaxis","Severe allergic reaction",emergency,"Acute systemic hypersensitivity reaction causing airway and circulatory compromise.","urticaria; airway swelling; wheeze; hypotension","urticaria; airway compromise","life-threatening","Clinical; rapid recognition and epinephrine required.","Emergency Medicine; Allergist","all ages","mixed","variable","airway obstruction; shock","https://www.nhs.uk/conditions/anaphylaxis/;https://www.who.int",0.96,"NHS/WHO; attribute sources",2026-01-22
E005,"Acute appendicitis","Appendicitis",emergency,"Acute inflammation of appendix with risk of perforation.","periumbilical then RLQ pain; anorexia; nausea","RLQ pain; nausea","moderate to severe","Clinical + ultrasound/CT increases accuracy.","General Surgeon; Emergency Medicine","children; adolescents; young adults","mixed","common acute abdominal pain cause","peritonitis; sepsis","https://www.nhs.uk/conditions/appendicitis/",0.94,"NHS public info; attribute source",2026-01-22
E006,"Pulmonary embolism","PE",emergency,"Pulmonary arterial occlusion by thrombus causing acute compromise.","sudden dyspnea; pleuritic chest pain; tachycardia","sudden dyspnea; pleuritic chest pain","can be life-threatening","CTPA/VQ confirm diagnosis; D-dimer useful in low risk.","Emergency Medicine; Pulmonologist","adults","mixed","important acute morbidity cause","sudden collapse; severe hypotension","https://www.nhs.uk/conditions/pulmonary-embolism/",0.95,"NHS public info; attribute source",2026-01-22
E007,"Status epilepticus","Prolonged seizure",emergency,"Continuous seizure activity or repeated seizures without recovery.","prolonged convulsions; loss of consciousness; autonomic instability","continuous convulsions; altered consciousness","life-threatening","Clinical; EEG useful for non-convulsive forms.","Emergency Medicine; Neurologist","all ages","mixed","critical when occurs","respiratory compromise; hemodynamic instability","https://www.nhs.uk/conditions/status-epilepticus/",0.94,"NHS public info; attribute source",2026-01-22
E008,"Acute hemorrhagic stroke","Intracerebral hemorrhage",emergency,"Brain bleeding causing focal deficits and raised ICP.","sudden severe headache; vomiting; loss of consciousness; focal deficits","sudden severe headache; focal deficit","severe; high mortality","Immediate CT head required.","Emergency Medicine; Neurologist; Neurosurgeon","adults","mixed","major neurological emergency","rapid decline in consciousness; unequal pupils","https://www.nhs.uk/conditions/stroke/",0.96,"NHS public info; attribute source",2026-01-22
E009,"Ectopic pregnancy","Tubal pregnancy",emergency,"Implantation outside uterus risking rupture and hemorrhage.","abdominal pain; vaginal bleeding; shoulder tip pain; syncope","abdominal pain; vaginal bleeding","potentially life-threatening","Transvaginal US + serial beta-hCG confirm.","Obstetrician/Gynaecologist; Emergency Medicine","women of reproductive age","female-specific","important obstetric emergency","hemodynamic instability; peritonitis","https://www.nhs.uk/conditions/ectopic-pregnancy/",0.95,"NHS public info; attribute source",2026-01-22
E010,"Diabetic ketoacidosis (DKA)","DKA",emergency,"Acute metabolic emergency with hyperglycemia, ketosis and acidosis.","polyuria; polydipsia; vomiting; abdominal pain; confusion; Kussmaul respiration","vomiting; abdominal pain; confusion","life-threatening","Hyperglycemia + ketonemia + metabolic acidosis confirm.","Endocrinologist; Emergency Medicine","children and adults with T1D","mixed","important diabetic emergency","coma; severe electrolyte disturbance","https://www.nhs.uk/conditions/diabetic-ketoacidosis/",0.95,"NHS public info; attribute source",2026-01-22