url,page_title,date_accessed,used_by_ids,license_notes
https://www.who.int/health-topics/influenza,Influenza (WHO),2026-01-22,"C002,C055",WHO fact sheet; attribute source
https://www.nhs.uk/conditions/common-cold/,Common cold (NHS),2026-01-22,"C001,C065",NHS public information; attribute source
https://www.who.int/health-topics/diarrhoeal-disease,Diarrhoeal disease (WHO),2026-01-22,"C003,C016",WHO topic pages; attribute source
https://www.ncdc.gov.in,NCDC Home (India),2026-01-22,"C003,C004,C027,C062",NCDC public info; attribute source
https://www.nhs.uk/conditions/urinary-tract-infection-utis/,UTIs (NHS),2026-01-22,"C004",NHS public information; attribute source
https://www.who.int/health-topics/allergic-diseases,Allergic diseases (WHO),2026-01-22,"C005",WHO topic pages; attribute source
https://www.nhs.uk/conditions/headaches-and-migraines/,Headaches (NHS),2026-01-22,"C006",NHS public info; attribute source
https://www.nhs.uk/conditions/ear-infection/,Ear infections (NHS),2026-01-22,"C007,C023,C028",NHS public info; attribute source
https://www.nhs.uk/conditions/acne/,Acne (NHS),2026-01-22,"C008",NHS public info; attribute source
https://www.nhs.uk/conditions/ringworm/,Ringworm (NHS),2026-01-22,"C009",NHS public info; attribute source
https://www.nhs.uk/conditions/heartburn-and-acid-reflux/,GERD (NHS),2026-01-22,"C010",NHS public info; attribute source
https://www.nhs.uk/conditions/sore-throat/,Sore throat (NHS),2026-01-22,"C011,C066",NHS public info; attribute source
https://www.nhs.uk/conditions/sinusitis/,Sinusitis (NHS),2026-01-22,"C012,C038,C060",NHS public info; attribute source
https://www.nhs.uk/conditions/conjunctivitis/,Conjunctivitis (NHS),2026-01-22,"C013,C026,C045,C049",NHS public info; attribute source
https://www.nhs.uk/conditions/bronchitis/,Bronchitis (NHS),2026-01-22,"C014",NHS public info; attribute source
https://www.who.int/health-topics/hepatitis-a,Hepatitis A (WHO),2026-01-22,"C015",WHO page; attribute source
https://www.who.int/health-topics/food-safety,Food safety (WHO),2026-01-22,"C016,C081",WHO food safety pages; attribute source
https://www.nhs.uk/conditions/cellulitis/,Cellulitis (NHS),2026-01-22,"C017",NHS public info; attribute source
https://www.nhs.uk/conditions/impetigo/,Impetigo (NHS),2026-01-22,"C018",NHS public info; attribute source
https://www.nhs.uk/conditions/shingles/,Shingles (NHS),2026-01-22,"C019",NHS public info; attribute source
https://www.nhs.uk/conditions/tonsillitis/,Tonsillitis (NHS),2026-01-22,"C020",NHS public info; attribute source
https://www.nhs.uk/conditions/atopic-eczema/,Atopic eczema (NHS),2026-01-22,"C021",NHS public info; attribute source
https://www.nhs.uk/conditions/iron-deficiency-anaemia/,Iron deficiency anaemia (NHS),2026-01-22,"C022",NHS public info; attribute source
https://www.nhs.uk/conditions/plantar-fasciitis/,Plantar fasciitis (NHS),2026-01-22,"C024",NHS public info; attribute source
https://www.nhs.uk/conditions/temporomandibular-joint-dysfunction/,TMJ (NHS),2026-01-22,"C025",NHS public info; attribute source
https://www.who.int/health-topics/adenoviruses,Adenoviruses (WHO),2026-01-22,"C027",WHO topic pages; attribute source
https://www.nhs.uk/conditions/bronchiolitis/,Bronchiolitis (NHS),2026-01-22,"C028",NHS public info; attribute source
https://www.nhs.uk/conditions/glue-ear/,Glue ear (NHS),2026-01-22,"C029",NHS public info; attribute source
https://www.nhs.uk/conditions/warts-and-verrucas/,Warts (NHS),2026-01-22,"C030",NHS public info; attribute source
https://www.nhs.uk/conditions/minor-injuries/,Minor injuries (NHS),2026-01-22,"C031",NHS public info; attribute source
https://www.nhs.uk/conditions/contact-dermatitis/,Contact dermatitis (NHS),2026-01-22,"C032,C069",NHS public info; attribute source
https://www.nhs.uk/conditions/thrush/,Thrush (NHS),2026-01-22,"C033,C042",NHS public info; attribute source
https://www.nhs.uk/conditions/irritable-bowel-syndrome-ibs/,IBS (NHS),2026-01-22,"C034",NHS public info; attribute source
https://www.nhs.uk/conditions/peptic-ulcer/,Peptic ulcer (NHS),2026-01-22,"C035",NHS public info; attribute source
https://www.nhs.uk/conditions/constipation/,Constipation (NHS),2026-01-22,"C036",NHS public info; attribute source
https://www.nhs.uk/conditions/haemorrhoids/,Haemorrhoids (NHS),2026-01-22,"C037",NHS public info; attribute source
https://www.nhs.uk/conditions/benign-prostatic-hyperplasia-bph/,BPH (NHS),2026-01-22,"C039",NHS public info; attribute source
https://www.nhs.uk/conditions/kidney-stones/,Kidney stones (NHS),2026-01-22,"C040",NHS public info; attribute source
https://www.nhs.uk/conditions/fungal-skin-infection/,Fungal skin infection (NHS),2026-01-22,"C041,C058",NHS public info; attribute source
https://www.nhs.uk/conditions/mouth-ulcers/,Mouth ulcers (NHS),2026-01-22,"C043",NHS public info; attribute source
https://www.nhs.uk/conditions/croup/,Croup (NHS),2026-01-22,"C048",NHS public info; attribute source
https://www.who.int/health-topics/enteroviruses,Enteroviruses (WHO),2026-01-22,"C063",WHO topic pages; attribute source
https://www.who.int/health-topics/chickenpox,Chickenpox (WHO),2026-01-22,"C064",WHO pages; attribute source
https://www.nhs.uk/conditions/head-lice-and-nits/,Head lice (NHS),2026-01-22,"C052",NHS public info; attribute source
https://www.nhs.uk/conditions/hives/,Urticaria (NHS),2026-01-22,"C053",NHS public info; attribute source
https://www.nhs.uk/conditions/dry-eye/,Dry eye (NHS),2026-01-22,"C054",NHS public info; attribute source
https://www.who.int/teams/global-influenza-programme,Global influenza programme (WHO),2026-01-22,"C055",WHO surveillance pages; attribute source
https://www.nhs.uk/conditions/chemical-eye-injury/,Chemical eye injury (NHS),2026-01-22,"C056",NHS public info; attribute source
https://www.nhs.uk/conditions/peritonsillar-abscess/,Peritonsillar abscess (NHS),2026-01-22,"C059",NHS public info; attribute source
https://www.nhs.uk/conditions/sprains-and-strains/,Sprains and strains (NHS),2026-01-22,"C047,C068",NHS public info; attribute source
https://www.who.int/health-topics/respiratory-infections,Respiratory infections (WHO),2026-01-22,"C046",WHO topic pages; attribute source
https://www.nhs.uk/conditions/insect-bites-and-stings/,Insect bites and stings (NHS),2026-01-22,"C061",NHS public info; attribute source
https://www.who.int/health-topics/measles,Measles (WHO),2026-01-22,"C062",WHO public info; attribute source
https://www.who.int/news-room/fact-sheets/detail/diabetes,Diabetes fact sheet (WHO),2026-01-22,"CH001",WHO fact sheet; attribute source
https://www.who.int/news-room/fact-sheets/detail/hypertension,Hypertension fact sheet (WHO),2026-01-22,"CH002",WHO fact sheet; attribute source
https://www.who.int/news-room/fact-sheets/detail/chronic-obstructive-pulmonary-disease-(copd),COPD fact sheet (WHO),2026-01-22,"CH003,C010",WHO fact sheet; attribute source
https://www.who.int/news-room/fact-sheets/detail/chronic-kidney-disease,CKD fact sheet (WHO),2026-01-22,"CH004",WHO fact sheet; attribute source
https://www.nhs.uk/conditions/osteoarthritis/,Osteoarthritis (NHS),2026-01-22,"CH005",NHS public info; attribute source
https://www.who.int/news-room/fact-sheets/detail/asthma,Asthma (WHO),2026-01-22,"CH006,E011",WHO fact sheet; attribute source
https://www.nhs.uk/conditions/heart-failure/,Heart failure (NHS),2026-01-22,"CH007,CH023",NHS public info; attribute source
https://www.nhs.uk/conditions/clinical-depression/,Clinical depression (NHS),2026-01-22,"CH008",NHS public info; attribute source
https://www.nhs.uk/conditions/rheumatoid-arthritis/,Rheumatoid arthritis (NHS),2026-01-22,"CH009",NHS public info; attribute source
https://www.nhs.uk/conditions/high-cholesterol/,High cholesterol (NHS),2026-01-22,"CH010",NHS public info; attribute source
https://www.who.int/health-topics/hiv-aids,HIV/AIDS (WHO),2026-01-22,"CH011",WHO fact sheet; attribute source
https://www.who.int/news-room/fact-sheets/detail/dementia,Dementia (WHO),2026-01-22,"CH012",WHO fact sheet; attribute source
https://www.who.int/health-topics/hepatitis-b,Hepatitis B (WHO),2026-01-22,"CH013",WHO fact sheet; attribute source
https://www.who.int/health-topics/hepatitis-c,Hepatitis C (WHO),2026-01-22,"CH014",WHO fact sheet; attribute source
https://www.nhs.uk/conditions/parkinsons-disease/,Parkinson's (NHS),2026-01-22,"CH015",NHS public info; attribute source
https://www.nhs.uk/conditions/multiple-sclerosis-ms/,Multiple sclerosis (NHS),2026-01-22,"CH016",NHS public info; attribute source
https://www.nhs.uk/conditions/psoriasis/,Psoriasis (NHS),2026-01-22,"CH017",NHS public info; attribute source
https://www.nhs.uk/conditions/low-back-pain/,Low back pain (NHS),2026-01-22,"CH018",NHS public info; attribute source
https://www.nhs.uk/conditions/ulcerative-colitis/,Ulcerative colitis (NHS),2026-01-22,"CH019",NHS public info; attribute source
https://www.nhs.uk/conditions/crohns-disease/,Crohn's disease (NHS),2026-01-22,"CH020",NHS public info; attribute source
https://www.who.int/health-topics/cardiovascular-diseases,Cardiovascular diseases (WHO),2026-01-22,"E001",WHO public info; attribute source
https://www.nhp.gov.in,National Health Portal (India),2026-01-22,"E001,E002",NHP India public info; attribute source
https://www.who.int/health-topics/sepsis,Sepsis (WHO),2026-01-22,"E003",WHO public info; attribute source
https://www.nhs.uk/conditions/anaphylaxis/,Anaphylaxis (NHS),2026-01-22,"E004",NHS public info; attribute source
https://www.nhs.uk/conditions/appendicitis/,Appendicitis (NHS),2026-01-22,"E005",NHS public info; attribute source
https://www.nhs.uk/conditions/pulmonary-embolism/,Pulmonary embolism (NHS),2026-01-22,"E006",NHS public info; attribute source
https://www.nhs.uk/conditions/status-epilepticus/,Status epilepticus (NHS),2026-01-22,"E007",NHS public info; attribute source
https://www.nhs.uk/conditions/stroke/,Stroke (NHS),2026-01-22,"E008",NHS public info; attribute source
https://www.nhs.uk/conditions/ectopic-pregnancy/,Ectopic pregnancy (NHS),2026-01-22,"E009",NHS public info; attribute source
https://www.nhs.uk/conditions/diabetic-ketoacidosis/,Diabetic ketoacidosis (NHS),2026-01-22,"E010",NHS public info; attribute source
https://www.who.int/health-topics/typhoid,Typhoid (WHO),2026-01-22,"C071",WHO fact pages; attribute source
https://www.who.int/health-topics/chikungunya,Chikungunya (WHO),2026-01-22,"C072",WHO topic pages; attribute source
https://www.who.int/health-topics/dengue,Dengue (WHO),2026-01-22,"C073",WHO fact sheet; attribute source
https://www.who.int/health-topics/zika-virus,Zika virus (WHO),2026-01-22,"C074",WHO topic pages; attribute source
https://www.who.int/health-topics/coronavirus,Coronavirus / COVID-19 (WHO),2026-01-22,"C075",WHO COVID-19 pages; attribute source
https://www.who.int/health-topics/tuberculosis,Tuberculosis (WHO),2026-01-22,"C076",WHO fact sheet; attribute source
https://www.who.int/health-topics/human-papillomavirus-infection,HPV (WHO),2026-01-22,"C077",WHO pages; attribute source
https://www.who.int/health-topics/pneumococcal-disease,Pneumococcal disease (WHO),2026-01-22,"C078",WHO pages; attribute source
https://www.who.int/health-topics/pertussis,Pertussis (WHO),2026-01-22,"C079",WHO pages; attribute source
https://www.who.int/health-topics/tetanus,Tetanus (WHO),2026-01-22,"C080",WHO pages; attribute source
https://www.who.int/teams/health-product-and-policy-standards/food-safety/foodborne-diseases,Foodborne diseases (WHO),2026-01-22,"C081",WHO food safety pages; attribute source
https://www.who.int/health-topics/rabies,Rabies (WHO),2026-01-22,"C082",WHO fact sheet; attribute source
https://www.who.int/health-topics/mumps,Mumps (WHO),2026-01-22,"C083",WHO pages; attribute source
https://www.who.int/health-topics/rubella,Rubella (WHO),2026-01-22,"C084",WHO pages; attribute source